{
  "version": 2,
  "public": true,
  "buildCommand": "echo 'Static files ready'",
  "outputDirectory": ".",
  "installCommand": "echo 'No dependencies to install'",
  "rewrites": [
    {
      "source": "/(.*)",
      "destination": "/guest-pass-system.html"
    }
  ],
  "headers": [
    {
      "source": "/(.*)",
      "headers": [
        {
          "key": "Content-Security-Policy",
          "value": "default-src 'self' 'unsafe-inline' 'unsafe-eval' https://cdn.tailwindcss.com https://cdn.jsdelivr.net; img-src 'self' data: blob: https:; connect-src 'self' https:; script-src 'self' 'unsafe-inline' 'unsafe-eval' https://cdn.tailwindcss.com https://cdn.jsdelivr.net; style-src 'self' 'unsafe-inline' https://cdn.tailwindcss.com https://fonts.googleapis.com; font-src 'self' https://fonts.gstatic.com;"
        }
      ]
    }
  ]
}